<?xml version="1.1"?>
<Primera_Evaluacion>
	<alumno>
		<login>A21YagoVR</login>
		<nombre>Yago</nombre>
		<apellidos>Vila Rama</apellidos>

	<nota>
		<practica>4,95</practica>
		<test>9</test>
		<total>9</total>
	</nota>

	</alumno>

	

	<alumno>
		<login>A21SaraLT</login>
		<nombre>Sara</nombre>
		<apellidos>Lusquiños Torres</apellidos>

	<nota>
		<practica>4,08</practica>
		<test>7</test>
		<total>7</total>
	</nota>

	</alumno>

	
	<alumno>
		<login>A21lauraPR</login>
		<nombre>Laura</nombre>
		<apellidos>Pena Rego</apellidos>

	<nota>
		<practica>4,99</practica>
		<test>8</test>
		<total>8</total>
	</nota>

	</alumno>
	
</Primera_Evaluacion>